<?xml version='1.0' encoding='UTF-8'?>

<!-- =========== FULL CONFIGURATION FILE ================================== -->

<faces-config version="2.1"
    xmlns="http://java.sun.com/xml/ns/javaee"
    xmlns:xsi="http://www.w3.org/2001/XMLSchema-instance"
    xsi:schemaLocation="http://java.sun.com/xml/ns/javaee http://java.sun.com/xml/ns/javaee/web-facesconfig_2_1.xsd">

<managed-bean>
	<managed-bean-name>LoginBean</managed-bean-name>
	<managed-bean-class>login.LoginBean
    </managed-bean-class>
    <managed-bean-scope>request</managed-bean-scope>
</managed-bean>
<managed-bean>
	<managed-bean-name>CheckandOutBean</managed-bean-name>
	<managed-bean-class>main.CheckandOutBean  </managed-bean-class>
    <managed-bean-scope>request</managed-bean-scope>
</managed-bean>
     <navigation-rule>
            <from-view-id>login.xhtml</from-view-id>
            <navigation-case>
                <from-action>#{loginBean.Valid()}</from-action>
                <from-outcome>success</from-outcome>
                <to-view-id>index.xhtml</to-view-id>
            </navigation-case>
            <navigation-case>
                <from-action>#{loginBean.Valid()}</from-action>
                <from-outcome>fail</from-outcome>
                <to-view-id>login.xhtml</to-view-id>
            </navigation-case>
     </navigation-rule>
     <navigation-rule>
            <from-view-id>login.xhtml?page=checked</from-view-id>
            <navigation-case>
                <from-action>#{checkandOutBean.insertCheck()}</from-action>
                <from-outcome>uspešen vpis</from-outcome>
                <to-view-id>checked.xhtml</to-view-id>
            </navigation-case>
            <navigation-case>
                <from-action>#{checkandOutBean.insertCheck()}</from-action>
                <from-outcome></from-outcome>
                <to-view-id>login.xhtml?page=checked</to-view-id>
            </navigation-case>
     </navigation-rule>
<managed-bean>
    <managed-bean-name>currentDate</managed-bean-name>
    <managed-bean-class>java.util.Date</managed-bean-class>
    <managed-bean-scope>request</managed-bean-scope>
</managed-bean>
</faces-config>
